nodo,1,2,3,4,5,6,7,8,9,10,11,12,13,14,15,16,17,18,19,20,21,22,23,24,25,26,27,28,29,30,31,32,33,34,35,36,37,38,39,40,41,42,43,44,45,46,47,48,49,50,51,52,53,54,55,56,57,58,59,60,61,62,63,64,65,66,67,68,69,70,71,72,73,74,75,76,77,78,79,80
1,,1936.182,1609.437,1878.962,538.0299999999999,1477.947,1381.425,1875.612,1521.971,2618.485000000001,1587.9899999999996,2104.665,1813.88,2045.6990000000008,1785.3489999999997,1090.4770000000003,1556.5100000000002,1112.9500000000005,3486.452,3550.516,1474.6999999999994,1212.438,2569.568,2291.2000000000003,2430.273,1142.8070000000005,1372.1289999999997,1114.9320000000002,987.991,1076.6819999999998,853.566,1332.4680000000003,1960.574,3092.527,948.0360000000002,821.5510000000002,1760.9689999999994,8678.858999999999,1488.666,1323.387,1572.4750000000004,1745.4240000000004,1227.685,2505.0760000000005,1477.2780000000005,2394.3389999999995,1383.775,3008.903,2193.0309999999995,6107.493000000001,919.9780000000004,1805.025,1956.483,1528.7639999999997,1674.407,1354.1470000000002,2556.434,1981.3420000000003,1887.077,1925.208,1816.279,1384.945,589.4279999999999,1535.1090000000004,2041.923,515.211,625.4680000000001,1575.561,2592.8369999999995,769.645,2041.62,1575.005,1828.6000000000004,733.8340000000001,3142.922,3137.9600000000005,2691.378,564.165,589.4279999999999,1937.601
2,1936.182,,1395.1279999999992,604.3829999999999,1585.2769999999998,437.0999999999999,554.757,601.0329999999999,1357.0969999999993,851.0919999999999,1174.9409999999996,828.0520000000001,539.3009999999999,446.242,278.215,2511.872999999999,2454.135,810.982,2779.725,2741.3050000000007,914.4369999999996,1472.9619999999998,991.974,989.0709999999996,1472.8510000000003,2128.565,933.1189999999996,809.0,932.532,1140.054,1161.986,1388.0969999999998,685.9949999999999,1560.2600000000004,2478.0159999999987,2112.9290000000005,524.3739999999999,9763.19,447.516,603.8169999999999,2602.5650000000005,3021.6440000000016,2312.016,1576.73,1937.6360000000009,3685.7170000000015,1313.2459999999994,1579.2930000000003,635.987,5022.9710000000005,1817.603,1368.2669999999998,1346.4519999999995,854.1559999999996,399.8279999999999,849.4590000000001,1599.012,714.162,1315.1359999999995,398.716,171.82699999999997,551.237,1465.023,930.592,767.3439999999998,1420.9710000000005,1310.7140000000004,2566.9870000000005,4251.631,2250.9549999999995,1252.95,2283.322,1181.705,1417.726,4419.142000000001,1560.3660000000002,1113.784,1498.643,1465.023,663.0219999999999
3,1609.437,1395.1279999999992,,1189.256,1164.239,753.7499999999999,691.719,1185.906,173.833,1822.3740000000005,353.59800000000007,1414.959,1124.174,1263.6699999999998,1095.6429999999998,2090.8350000000005,2033.097,556.6380000000001,1915.559,1979.6230000000007,363.22800000000007,1051.9240000000002,1508.8029999999997,1960.353,859.38,1707.5270000000005,348.404,558.6200000000001,489.865,719.0160000000003,740.9480000000002,967.0590000000004,1270.868,2410.873,2056.978,1401.7859999999998,900.127,9052.047,798.96,573.89,1788.292,2310.5010000000007,1600.8729999999998,2527.3970000000004,964.636,2974.573999999999,244.899,2430.053000000001,1503.3249999999998,6129.814000000001,1396.5650000000005,234.132,385.59,431.9770000000001,984.701,797.8350000000003,985.541,1564.922,316.184,1064.3659999999998,1071.103,695.239,1043.985,1557.4300000000003,1352.217,923.549,813.2919999999999,1752.714,4221.433,1829.917,756.9639999999997,1358.4440000000002,1850.9210000000005,834.6890000000001,3707.9989999999993,2025.862,1630.6129999999996,1092.361,1043.985,1247.8949999999998
4,1878.962,604.3829999999999,1189.256,,1528.0569999999998,759.453,497.537,65.85,1151.2249999999997,1281.2000000000005,1283.6709999999996,364.625,98.357,486.622,357.586,2454.653,2396.9149999999995,753.762,3066.271,3130.335,979.602,1415.742,1422.0819999999997,1075.8470000000002,1875.4550000000004,2071.345,890.145,751.78,875.3119999999999,1082.834,1104.7659999999998,1330.877,235.51500000000004,1611.9400000000005,2420.796,2055.7090000000003,954.4820000000002,9705.97,597.738,743.0559999999999,2545.3450000000003,2964.424000000002,2254.796,1628.557,1880.4160000000008,3628.497000000001,1107.3739999999998,1631.1200000000003,818.9019999999999,5074.651,1760.383,1384.8439999999996,1455.1819999999996,1014.611,204.555,792.239,2001.616,765.989,1466.8959999999995,828.8240000000002,484.48,494.017,1407.803,955.789,316.86400000000003,1363.7510000000004,1253.4940000000004,2509.7670000000003,4194.411,2193.735,1655.554,2226.102,1061.2529999999997,1360.506,4361.922000000001,1990.474,1543.8919999999996,1441.423,1407.803,58.639
5,538.0299999999999,1585.2769999999998,1164.239,1528.0569999999998,,1201.325,1030.52,1524.707,1126.208,2292.0090000000005,1341.169,1753.76,1462.975,1602.4709999999998,1434.4439999999995,971.226,1230.034,667.753,3041.2540000000004,3105.318,1227.8789999999997,549.985,2322.7470000000003,1964.7240000000004,2014.7000000000005,816.3309999999999,1125.308,669.735,730.1870000000001,573.0229999999999,423.291,720.6760000000002,1609.669,2766.051,875.2360000000001,1201.504,1400.681,9058.812,1137.761,1046.765,1952.428,2125.3770000000004,1607.6379999999997,2178.6000000000004,1695.581,2774.2919999999995,999.9930000000002,2682.427,1842.126,5781.017000000001,593.5020000000001,1359.8269999999998,1512.68,1281.943,1323.502,908.9500000000002,2140.861000000001,1654.866,1441.879,1564.9199999999998,1465.3739999999998,1034.04,120.254,1208.633,1691.0179999999998,479.43,552.052,1955.514,2774.1090000000004,538.566,1794.799,1954.958,1502.124,894.237,3522.874999999999,2891.1390000000006,2444.557,328.052,120.254,1586.6959999999997
6,1477.947,437.0999999999999,753.7499999999999,759.453,1201.325,,302.342,756.1030000000001,715.7189999999999,1113.9170000000004,804.475,985.1560000000002,694.3710000000001,601.312,433.285,2127.9210000000003,2070.1830000000004,489.21600000000007,2630.765,2443.824,487.5540000000001,1089.0100000000002,1263.4529999999993,1251.896,1344.5340000000003,1744.6130000000005,398.0970000000001,487.234,529.147,756.1020000000003,778.0340000000002,1004.1450000000004,841.065,1715.1830000000002,2094.064,1654.6940000000002,370.6880000000001,9304.954999999998,195.101,243.29400000000004,2144.3299999999995,2563.409000000001,1853.781,1731.8000000000002,1479.4010000000003,3227.4820000000004,671.8679999999999,1734.3630000000005,791.0569999999999,5178.041000000001,1433.6510000000003,949.338,975.9860000000002,483.69,554.898,527.6930000000001,1470.695,869.232,944.67,349.81700000000006,274.973,298.822,1081.071,1085.6619999999998,922.414,962.7360000000002,852.4790000000002,2108.7519999999995,3867.679,1867.003,1124.633,1825.087,1336.775,959.491,3960.907,1831.8449999999991,1385.2629999999992,1114.6910000000005,1081.071,818.0920000000001
7,1381.425,554.757,691.719,497.537,1030.52,302.342,,494.187,653.688,1231.574,786.1339999999999,723.2400000000001,432.455,571.951,403.924,1957.116,1899.378,256.225,2568.734,2632.798,482.065,918.2050000000002,1372.4559999999994,1183.0610000000004,1459.6650000000002,1573.8080000000002,392.608,254.243,377.775,585.2970000000001,607.229,833.3400000000001,579.149,1719.1540000000002,1923.259,1558.172,605.549,9208.433,107.241,245.519,2047.808,2466.8870000000006,1757.2589999999998,1735.7710000000002,1382.8790000000004,3130.96,609.837,1738.3340000000003,811.6059999999999,5181.865000000001,1262.8460000000002,887.3070000000001,957.645,536.1289999999999,292.982,294.702,1585.8259999999998,873.203,969.3590000000002,652.159,434.854,3.52,910.266,1082.0559999999998,660.4979999999999,866.2140000000002,755.9570000000001,2012.23,3696.873999999999,1696.198,1239.764,1728.5649999999998,1340.746,862.969,3864.3849999999993,1940.8479999999995,1494.2659999999994,943.886,910.266,556.176
8,1875.612,601.0329999999999,1185.906,65.85,1524.707,756.1030000000001,494.187,,1147.8749999999998,1277.8500000000004,1280.3209999999997,361.275,95.007,483.272,354.236,2451.3029999999994,2393.565,750.4119999999999,3062.921,3126.985,976.252,1412.3919999999998,1418.7319999999995,1072.497,1872.1050000000005,2067.995,886.7949999999998,748.43,871.9619999999998,1079.4839999999997,1101.4159999999997,1327.5269999999998,233.52000000000004,1608.5900000000004,2417.445999999999,2052.3590000000004,951.132,9702.62,594.3879999999999,739.7059999999999,2541.995,2961.074000000002,2251.4459999999995,1625.207,1877.0660000000007,3625.147000000001,1104.0239999999997,1627.7700000000004,815.552,5071.301,1757.033,1381.4939999999997,1451.8319999999997,1011.261,201.205,788.889,1998.266,762.639,1463.5459999999998,825.474,481.13,490.667,1404.4529999999995,952.439,314.869,1360.4010000000003,1250.1440000000002,2506.417,4191.061,2190.385,1652.2040000000002,2222.7520000000004,1057.9029999999998,1357.1559999999995,4358.572000000001,1987.124,1540.5419999999997,1438.073,1404.4529999999995,124.489
9,1521.971,1357.0969999999993,173.833,1151.2249999999997,1126.208,715.7189999999999,653.688,1147.8749999999998,,1784.3430000000003,512.7600000000001,1376.928,1086.143,1225.639,1057.612,2052.804,1995.0660000000005,518.607,2050.8479999999995,2114.9120000000007,575.827,1013.893,1644.0919999999994,1922.322,994.669,1669.4960000000003,473.256,520.5889999999999,402.399,680.9850000000001,702.917,929.028,1232.837,2372.842,2018.9470000000003,1314.3199999999997,862.0959999999999,8924.793,760.9290000000001,535.859,1669.619,2223.0350000000008,1469.323,2489.3660000000004,766.0830000000001,2887.108,90.54,2392.022000000001,1465.294,6091.783000000001,1358.5340000000003,369.4210000000001,520.879,629.8909999999997,946.67,759.8040000000001,1120.8299999999997,1526.891,451.47300000000007,1026.3349999999998,1033.072,657.2080000000001,1005.954,1519.3990000000003,1314.186,836.0830000000001,725.826,1634.041,4133.967000000001,1791.886,892.2529999999998,1239.771,1812.8900000000003,747.2230000000001,3620.533,2161.151,1765.9019999999994,1004.895,1005.954,1209.8639999999998
10,2618.485000000001,851.0919999999999,1822.3740000000005,1281.2000000000005,2292.0090000000005,1113.9170000000004,1231.574,1277.8500000000004,1784.3430000000003,,1602.1869999999994,1447.9830000000002,1216.118,938.3950000000002,955.032,2409.793,2352.055,1487.799,2899.7819999999992,2646.4450000000006,1341.683,1678.046,897.114,444.905,1595.0869999999995,2026.4850000000004,1360.3649999999998,1485.817,1734.4159999999993,1816.871,1838.803,1673.7470000000003,1362.812,1068.9549999999997,2375.936,2753.948,951.62,10404.208999999995,1124.333,1305.831,3243.5840000000007,3662.663000000001,2953.034999999999,1432.9889999999998,2578.654999999998,4326.736000000003,1740.4919999999993,1088.1349999999998,1312.804,4531.665999999999,1715.5230000000004,1795.5129999999997,1773.6979999999994,1281.4019999999998,1076.645,1526.2759999999998,1731.4679999999998,711.455,1742.3819999999996,825.9619999999999,848.6440000000001,1228.054,2141.84,1083.3760000000002,1444.1609999999998,2168.004999999999,2057.747999999999,3208.0060000000008,4550.757999999999,2148.8750000000005,1483.715,2924.3409999999985,1288.701,2186.851,5060.161000000001,1465.506,1018.924,2175.4600000000005,2141.84,1339.8389999999995
11,1587.9899999999996,1174.9409999999996,353.59800000000007,1283.6709999999996,1341.169,804.475,786.1339999999999,1280.3209999999997,512.7600000000001,1602.1869999999994,,1509.374,1218.589,1177.255,1009.228,2267.765,2210.027,733.5680000000001,1893.703,1789.8689999999992,258.89400000000006,1228.854,1121.651,1740.1660000000002,692.216,1884.457,392.5659999999999,735.5500000000001,639.1900000000002,895.9460000000003,917.8780000000002,1143.989,1365.283,2291.126,2233.908,1658.7220000000002,679.94,9308.982999999998,893.375,571.0319999999999,2148.358,2567.4370000000013,1857.809,2704.327,1175.7380000000005,3231.51,645.266,2310.3060000000005,1367.0000000000002,5753.837000000001,1573.495,212.011,190.19600000000003,329.253,1079.116,884.7340000000003,818.377,1445.1750000000004,158.88,844.1789999999999,850.9160000000002,789.654,1220.915,1734.36,1446.6319999999998,1072.7790000000002,962.5220000000004,2112.78,4007.523,2006.847,472.31500000000005,1619.7510000000002,2027.851,1091.6250000000002,3964.935,1690.043,1243.461,1244.91,1220.915,1342.3099999999995
12,2104.665,828.0520000000001,1414.959,364.625,1753.76,985.1560000000002,723.2400000000001,361.275,1376.928,1447.9830000000002,1509.374,,299.646,626.761,583.289,2274.563,2216.8250000000003,979.465,3291.974,3356.038,1205.3049999999998,1641.4449999999997,1647.7849999999996,1120.6980000000003,2101.158,1891.2550000000003,1115.8480000000002,977.483,1101.015,1308.5369999999996,1330.4689999999998,1556.5799999999997,468.86,1656.7910000000004,2240.706,2281.4120000000003,1180.185,9931.673,823.441,968.759,2771.0480000000007,3190.1270000000013,2480.499,1599.385,2106.119,3854.200000000001,1333.0769999999998,1675.9710000000005,959.0409999999998,5119.502000000001,1580.293,1610.5469999999996,1680.885,1240.314,430.258,1017.942,2227.3190000000004,810.84,1692.5989999999997,1054.527,710.1829999999999,719.72,1633.506,948.146,550.209,1589.454,1479.197,2735.4700000000007,4415.527999999999,2013.645,1881.257,2451.8050000000003,951.092,1586.2089999999998,4587.625000000001,2216.1769999999988,1769.5949999999996,1667.126,1633.506,423.264
13,1813.88,539.3009999999999,1124.174,98.357,1462.975,694.3710000000001,432.455,95.007,1086.143,1216.118,1218.589,299.646,,388.26499999999993,292.504,2389.5709999999995,2331.833,688.6800000000001,3001.189,3065.253,914.52,1350.66,1356.9999999999995,977.49,1810.3730000000005,2006.263,825.0629999999999,686.6980000000001,810.2299999999998,1017.752,1039.684,1265.7949999999998,202.34500000000003,1513.5830000000003,2355.713999999999,1990.627,889.4000000000001,9640.888,532.656,677.9739999999999,2480.263,2899.342000000002,2189.714,1530.1999999999998,1815.3340000000007,3563.415000000001,1042.2919999999997,1532.7630000000004,720.545,4976.294,1695.301,1319.7619999999995,1390.0999999999992,949.529,139.47299999999998,727.1570000000002,1936.534,667.632,1401.814,763.7420000000001,419.398,428.935,1342.721,857.432,283.694,1298.6690000000003,1188.4120000000005,2444.685,4129.329000000001,2128.653,1590.4720000000002,2161.0200000000004,994.712,1295.424,4296.840000000001,1925.392,1478.8099999999995,1376.341,1342.721,156.99599999999998
14,2045.6990000000008,446.242,1263.6699999999998,486.622,1602.4709999999998,601.312,571.951,483.272,1225.639,938.3950000000002,1177.255,626.761,388.26499999999993,,168.02700000000002,1837.007,1779.2690000000002,828.176,3140.685,3013.272,916.751,1105.26,1263.9409999999991,611.11,1717.3140000000008,1453.6990000000003,935.433,826.1940000000001,949.726,1157.2479999999998,1179.1799999999998,1100.9610000000002,590.6100000000001,1147.2029999999995,1803.1500000000003,2130.1230000000005,796.3409999999999,9780.383999999998,507.266,768.0289999999999,2619.759000000001,3038.8380000000016,2329.21,1163.82,1954.8300000000008,3702.9110000000014,1181.788,1166.3829999999998,420.331,4609.914,1142.7370000000003,1370.581,1348.7659999999998,856.4699999999999,323.092,866.6530000000001,1843.4750000000004,301.252,1317.45,670.6829999999999,326.339,568.431,1482.217,510.59,671.9590000000001,1438.1650000000002,1327.908,2584.181000000001,3977.972,1576.089,1497.4130000000005,2300.5160000000005,768.795,1434.9199999999998,4436.336,1832.332999999999,1385.750999999999,1515.837,1482.217,545.261
15,1785.3489999999997,278.215,1095.6429999999998,357.586,1434.4439999999995,433.285,403.924,354.236,1057.612,955.032,1009.228,583.289,292.504,168.02700000000002,,2004.549,1946.811,660.1490000000001,2972.658,2845.245,748.7239999999998,1322.1289999999997,1095.9139999999995,779.137,1549.2870000000005,1621.2410000000002,767.4059999999997,658.1670000000001,781.6989999999998,989.221,1011.153,1237.2639999999997,439.198,1315.23,1970.692,1962.096,628.3140000000001,9612.357,339.239,600.002,2451.732,2870.811000000001,2161.183,1331.8469999999998,1786.8030000000008,3534.884000000001,1013.761,1334.41,535.0640000000001,4777.941,1310.279,1202.554,1180.7389999999998,688.4429999999998,155.065,698.6260000000002,1675.448,469.279,1149.423,502.65600000000006,158.31199999999998,400.404,1314.1899999999998,678.3699999999999,520.547,1270.1380000000004,1159.8810000000003,2416.154,4100.798,1743.631,1329.386,2132.4890000000005,936.822,1266.8929999999998,4268.309,1664.3059999999994,1217.7239999999997,1347.81,1314.1899999999998,416.225
16,1090.4770000000003,2511.872999999999,2090.8350000000005,2454.653,971.226,2127.9210000000003,1957.116,2451.3029999999994,2052.804,2409.793,2267.765,2274.563,2389.5709999999995,1837.007,2004.549,,857.2210000000002,1594.349,3967.85,4031.914,2154.4749999999995,1003.746,3249.3430000000008,2082.5080000000003,2941.296,660.9590000000001,2051.9039999999995,1596.331,1739.4450000000002,1491.1049999999998,1242.9890000000005,1123.776,2536.265,2883.835,142.441,1745.9529999999995,2327.277,10019.901,2064.357,1973.361,2996.435000000001,2568.025000000001,2161.447,2296.384,2590.362,3215.6870000000004,2008.953,2800.211,2213.739,5898.801000000001,711.2860000000001,2286.423,2439.2759999999985,2208.539,2250.098,1835.546,3067.457,1772.65,2368.475,2491.516,2391.9700000000003,1960.636,1041.035,1326.417,2617.614,1400.2110000000002,1472.8330000000003,3078.546000000001,2180.7719999999995,450.619,2721.3949999999995,2606.775,1619.908,1815.0180000000005,3965.523,3817.735000000001,3371.1530000000007,1248.833,1041.035,2513.292
17,1556.5100000000002,2454.135,2033.097,2396.9149999999995,1230.034,2070.1830000000004,1899.378,2393.565,1995.0660000000005,2352.055,2210.027,2216.8250000000003,2331.833,1779.2690000000002,1946.811,857.2210000000002,,1536.611,3910.112,3974.175999999999,2096.736999999999,1070.3369999999998,3191.6050000000005,2024.7700000000004,2883.5579999999995,365.2360000000001,1994.166,1538.5929999999998,1681.707,1433.367,1249.153,1066.038,2478.527,2826.097,999.662,2044.271,2269.539,10709.562,2006.619,1915.623,2795.195,3257.686,2450.404999999999,2238.646,2719.7059999999983,3661.386,1951.215,2742.473,2156.001,5783.081000000001,636.532,2228.684999999999,2381.537999999998,2150.8009999999995,2192.36,1777.8079999999998,3009.719,1714.912,2310.736999999999,2433.778,2334.232,1902.898,1299.843,1268.679,2559.876,1659.0190000000002,1731.6410000000003,2798.2809999999995,2617.665,871.143,2663.657,2797.7249999999995,1562.17,2073.826,4655.183999999999,3759.9970000000008,3313.4150000000004,1507.641,1299.843,2455.554
18,1112.9500000000005,810.982,556.6380000000001,753.762,667.753,489.21600000000007,256.225,750.4119999999999,518.607,1487.799,733.5680000000001,979.465,688.6800000000001,828.176,660.1490000000001,1594.349,1536.611,,2433.653,2497.717,620.2780000000001,555.438,1566.4729999999993,1439.2860000000005,1407.0990000000004,1211.041,517.7070000000001,1982.0,205.248,222.53,244.462,470.573,835.374,1975.379,1560.492,1418.54,718.154,9068.801,363.466,364.238,1908.176,2327.255000000001,1617.6269999999995,2030.911,1243.2470000000003,2991.328,474.7560000000001,1994.559,1067.831,5633.328,900.079,752.2260000000002,905.0790000000004,674.3419999999999,549.207,241.197,1533.26,1129.428,834.2780000000002,882.3929999999998,691.0790000000001,259.745,547.4989999999999,1060.944,916.723,597.739,487.482,1872.598,3334.106999999999,1333.431,1187.198,1588.9329999999998,1354.435,723.3370000000001,3724.7529999999992,2134.864999999999,1688.2829999999992,632.8220000000001,547.4989999999999,812.4010000000001
19,3486.452,2779.725,1915.559,3066.271,3041.2540000000004,2630.765,2568.734,3062.921,2050.8479999999995,2899.7819999999992,1893.703,3291.974,3001.189,3140.685,2972.658,3967.85,3910.112,2433.653,,295.696,2242.1270000000004,2928.9389999999994,2062.516,3037.7610000000013,1355.028,3584.541999999999,2388.302,2435.635,2366.88,2596.030999999999,2617.962999999999,2844.073999999999,3147.883,3823.9430000000016,3933.9929999999977,3295.7510000000007,2526.873000000001,9993.083,2675.9749999999995,2450.905,3274.4320000000016,3887.558000000002,3147.9790000000003,4404.411999999998,2067.859,4588.036000000002,2121.914,3843.1230000000014,3213.933000000002,7641.655000000001,3273.5799999999986,1885.729,1730.753,2176.1860000000006,2861.7159999999994,2674.849999999999,1250.3279999999995,3304.311000000001,1967.781,2448.963,2697.849000000001,2572.2539999999995,2920.999999999998,3434.444999999999,3229.2319999999995,2800.5639999999994,2690.307,2961.818,6248.971000000001,3706.9319999999984,1566.3170000000005,2445.626000000001,3727.935999999999,2711.704,5285.056000000003,2167.6389999999983,1880.858,2969.3760000000016,2920.999999999998,3124.9099999999994
20,3550.516,2741.3050000000007,1979.6230000000007,3130.335,3105.318,2443.824,2632.798,3126.985,2114.9120000000007,2646.4450000000006,1789.8689999999992,3356.038,3065.253,3013.272,2845.245,4031.914,3974.175999999999,2497.717,295.696,,2028.8830000000005,2993.003,1809.179,2784.424000000001,1104.662,3648.6059999999993,2165.387,2499.699,2430.9440000000004,2660.095,2682.026999999999,2908.1379999999995,3211.947,3570.606000000001,3998.056999999998,3364.1980000000017,2319.289,10066.195,2740.039,2282.1210000000005,3342.879000000002,3956.005000000003,3216.4260000000013,3934.6400000000017,2134.8010000000004,4656.483000000003,2185.978,3589.786000000002,3203.017000000001,7388.318,3337.643999999999,1752.159,1593.304,1968.602,2925.78,2738.914,999.9620000000002,3050.9740000000006,1711.988,2241.3789999999995,2490.2650000000003,2636.318,2985.063999999999,3498.508999999999,3293.296,2864.628,2754.371,3030.265000000001,6317.418000000002,3770.995999999999,1301.7119999999998,2514.0730000000017,3791.999999999999,2775.768,5353.503000000003,1914.3019999999992,1627.5210000000002,3033.440000000002,2985.063999999999,3188.974
21,1474.6999999999994,914.4369999999996,363.22800000000007,979.602,1227.8789999999997,487.5540000000001,482.065,976.252,575.827,1341.683,258.89400000000006,1205.3049999999998,914.52,916.751,748.7239999999998,2154.4749999999995,2096.736999999999,620.2780000000001,2242.1270000000004,2028.8830000000005,,1115.5640000000003,1176.601,1479.6620000000005,929.593,1771.1670000000006,151.849,622.26,525.9000000000001,782.6560000000002,804.5880000000001,1030.6990000000003,1061.214,2030.622,2120.618,1545.4320000000002,419.4359999999999,9195.693,589.3059999999999,267.923,2035.068,2454.147000000001,1744.519,2591.0370000000003,1370.1390000000004,3118.2200000000003,531.976,2049.802,1106.496,5493.3330000000005,1460.2050000000004,452.22,430.405,68.74900000000001,775.0469999999999,646.135,1055.754,1184.671,399.089,583.675,590.4119999999999,485.5849999999999,1107.6249999999998,1621.0700000000004,1142.563,959.4890000000004,849.2320000000003,1999.49,3894.233,1893.557,709.6919999999999,1715.825,1914.5610000000004,978.3350000000004,3851.645,1744.9929999999997,1298.4109999999998,1131.62,1107.6249999999998,1038.241
22,1212.438,1472.9619999999998,1051.9240000000002,1415.742,549.985,1089.0100000000002,918.2050000000002,1412.3919999999998,1013.893,1678.046,1228.854,1641.4449999999997,1350.66,1105.26,1322.1289999999997,1003.746,1070.3369999999998,555.438,2928.9389999999994,2993.003,1115.5640000000003,,2210.4320000000007,1350.7610000000004,1902.385,744.7669999999999,1012.9930000000002,557.4200000000001,700.5340000000001,452.1940000000001,601.9260000000002,84.86500000000001,1497.3539999999998,2152.0880000000006,969.889,1913.826,1288.366,9564.087,1025.446,934.45,2403.462,2822.541000000001,2112.913,1564.6370000000002,1738.5330000000008,3486.6140000000005,970.042,2068.4640000000004,1729.8109999999997,5167.054,433.805,1247.512,1400.3649999999996,1169.6280000000004,1211.187,796.6350000000002,2028.546,1040.903,1329.564,1452.6049999999998,1353.0589999999995,921.725,585.094,594.6700000000001,1578.7029999999995,871.027,982.7730000000004,2367.884,3269.039999999999,742.8280000000001,1682.4839999999997,2084.219,888.1610000000001,1218.6230000000005,4220.039,2778.824000000001,2332.2420000000006,719.6490000000001,585.094,1474.3809999999996
23,2569.568,991.974,1508.8029999999997,1422.0819999999997,2322.7470000000003,1263.4529999999993,1372.4559999999994,1418.7319999999995,1644.0919999999994,897.114,1121.651,1647.7849999999996,1356.9999999999995,1263.9409999999991,1095.9139999999995,3249.3430000000008,3191.6050000000005,1566.4729999999993,2062.516,1809.179,1176.601,2210.4320000000007,,1035.0929999999998,835.198,2866.0349999999994,1246.717,1568.4549999999997,1620.7679999999991,1877.5239999999992,1899.4559999999992,2125.566999999999,1503.694,1821.275,3215.485999999998,2640.3,981.0139999999998,10290.560999999998,1265.215,1231.9029999999998,3129.936,3549.0150000000003,2839.386999999999,2185.309,2209.477,4213.088000000001,1626.8439999999994,1840.455,1453.686,5638.987000000002,2555.072999999999,1256.1570000000002,1150.459,1116.32,1217.527,1617.9379999999994,971.5789999999998,1301.6429999999998,1203.026,966.844,989.5260000000002,1368.936,2202.4929999999995,1748.2910000000002,1585.043,2054.3569999999995,1944.0999999999992,3094.358,4989.101,2988.424999999999,827.5029999999999,2653.4900000000007,1999.404,2073.202999999999,4946.513000000001,628.2400000000001,181.658,2226.4879999999994,2202.4929999999995,1480.7209999999998
24,2291.2000000000003,989.0709999999996,1960.353,1075.8470000000002,1964.7240000000004,1251.896,1183.0610000000004,1072.497,1922.322,444.905,1740.1660000000002,1120.6980000000003,977.49,611.11,779.137,2082.5080000000003,2024.7700000000004,1439.2860000000005,3037.7610000000013,2784.424000000001,1479.6620000000005,1350.7610000000004,1035.0929999999998,,1733.0659999999996,1699.2,1498.3439999999998,1437.304,1560.836,1713.791,1790.29,1346.462,1179.835,794.1949999999998,2048.651,2891.927,1089.5990000000002,10542.187999999998,1092.545,1443.81,3381.563,3800.6420000000007,3091.0139999999988,1158.2289999999998,2716.6339999999973,4464.715000000002,1878.4709999999995,813.3749999999998,977.556,4256.905999999999,1388.238,1933.492,1911.677,1419.381,922.62,1477.7629999999997,1869.447,384.17,1880.361,963.941,986.6230000000004,1179.541,2034.533,756.091,1261.184,2049.275,1939.018,3345.985,4223.472999999999,1821.59,1621.694,3062.319999999999,961.416,2324.8299999999995,5198.140000000001,1603.485,1156.903,2242.331,2034.533,1134.486
25,2430.273,1472.8510000000003,859.38,1875.4550000000004,2014.7000000000005,1344.5340000000003,1459.6650000000002,1872.1050000000005,994.669,1595.0869999999995,692.216,2101.158,1810.3730000000005,1717.3140000000008,1549.2870000000005,2941.296,2883.5579999999995,1407.0990000000004,1355.028,1104.662,929.593,1902.385,835.198,1733.0659999999996,,2557.988,1066.0970000000002,1409.0809999999997,1310.7010000000002,1569.4769999999996,1591.4089999999997,1817.5199999999995,1957.067,2519.2480000000005,2907.4389999999985,2222.622,1219.999,10064.408,1566.9060000000002,1182.831,2516.409000000001,3131.3370000000014,2421.7089999999994,2883.282000000001,1560.0540000000003,3795.4100000000008,1065.735,2538.428000000001,1907.059,6414.337,2247.0259999999994,652.869,494.014,869.312,1670.9,1558.265,136.774,1999.616,612.698,1142.089,1390.975,1463.1850000000002,1894.446,2407.891,2038.416,1744.3850000000002,1634.1280000000002,2480.8310000000006,5042.269,2680.3779999999992,206.126,2004.0670000000005,2701.382,1655.525,4528.835000000001,1217.93,772.037,1913.197,1894.446,1934.094
26,1142.8070000000005,2128.565,1707.5270000000005,2071.345,816.3309999999999,1744.6130000000005,1573.8080000000002,2067.995,1669.4960000000003,2026.4850000000004,1884.457,1891.2550000000003,2006.263,1453.6990000000003,1621.2410000000002,660.9590000000001,365.2360000000001,1211.041,3584.541999999999,3648.6059999999993,1771.1670000000006,744.7669999999999,2866.0349999999994,1699.2,2557.988,,1668.5959999999995,1213.023,1356.1370000000002,1107.7969999999998,923.583,740.468,2152.957,2500.527,732.968,1630.5679999999998,1943.9690000000005,9487.875999999998,1681.049,1590.053,2381.492,2554.4410000000003,2036.7019999999995,1913.076,2394.136,3203.356,1625.6449999999998,2416.903,1830.4310000000005,5515.493000000001,310.962,1903.115,2055.9679999999994,1825.2309999999995,1866.79,1452.2379999999998,2684.1490000000003,1389.342,1985.167,2108.208,2008.662,1577.328,886.1400000000001,943.1090000000002,2234.306,1245.3160000000005,1317.9380000000003,2384.578,2550.869,505.907,2338.087,2384.022,1236.6,1660.1230000000005,3951.938999999999,3434.427,2987.845,1093.938,886.1400000000001,2129.984
27,1372.1289999999997,933.1189999999996,348.404,890.145,1125.308,398.0970000000001,392.608,886.7949999999998,473.256,1360.3649999999998,392.5659999999999,1115.8480000000002,825.0629999999999,935.433,767.4059999999997,2051.9039999999995,1994.166,517.7070000000001,2388.302,2165.387,151.849,1012.9930000000002,1246.717,1498.3439999999998,1066.0970000000002,1668.5959999999995,,519.689,423.32900000000006,680.0850000000002,702.017,928.1280000000002,971.757,2049.304,2018.0470000000005,1442.861,438.118,9093.122,499.8490000000001,178.466,1932.497,2351.576000000001,1641.9479999999996,2488.466,1267.568000000001,3015.649,429.405,2068.4840000000004,1125.178,5512.015000000002,1357.6340000000002,585.8919999999999,564.077,205.913,685.59,556.678,1192.2579999999996,1203.353,532.761,602.357,609.0939999999999,396.128,1005.054,1518.4990000000005,1053.106,856.9180000000002,746.6610000000002,1896.919,3758.926,1790.986,846.1959999999999,1613.254,1811.99,875.7640000000001,3749.074,1815.1089999999992,1368.5269999999994,1029.0490000000002,1005.054,948.784
28,1114.9320000000002,809.0,558.6200000000001,751.78,669.735,487.234,254.243,748.43,520.5889999999999,1485.817,735.5500000000001,977.483,686.6980000000001,826.1940000000001,658.1670000000001,1596.331,1538.5929999999998,1982.0,2435.635,2499.699,622.26,557.4200000000001,1568.4549999999997,1437.304,1409.0809999999997,1213.023,519.689,,207.23,224.512,246.444,472.555,833.392,1973.397,1562.4740000000004,1420.522,720.136,9070.783,361.484,366.2199999999999,1910.158,2329.2370000000005,1619.6089999999997,2032.893,1245.2290000000005,2993.31,476.7380000000001,1992.577,1065.8490000000002,5635.31,902.061,754.2080000000002,907.0610000000004,676.3239999999998,547.2249999999999,239.21500000000003,1535.242,1127.446,836.2600000000002,884.3749999999998,689.097,257.763,549.481,1062.9260000000002,914.741,599.7210000000001,489.46400000000006,1874.58,3336.089,1335.413,1189.18,1590.9149999999995,1356.417,725.3190000000001,3726.734999999999,2136.846999999999,1690.2649999999992,634.8040000000002,549.481,810.419
29,987.991,932.532,489.865,875.3119999999999,730.1870000000001,529.147,377.775,871.9619999999998,402.399,1734.4159999999993,639.1900000000002,1101.015,810.2299999999998,949.726,781.6989999999998,1739.4450000000002,1681.707,205.248,2366.88,2430.9440000000004,525.9000000000001,700.5340000000001,1620.7679999999991,1560.836,1310.7010000000002,1356.1370000000002,423.32900000000006,207.23,,367.626,389.558,615.6690000000001,956.924,2096.929,1705.588,1207.271,812.169,8857.532,485.016,374.587,1696.9069999999997,2115.9860000000003,1406.3579999999995,2176.0070000000005,1031.978,2780.059,354.34400000000005,2116.1090000000004,1189.381,5778.424000000001,1045.1750000000002,685.4530000000001,836.9110000000002,579.9639999999998,670.757,446.4450000000001,1436.862,1250.978,767.5050000000001,976.408,812.629,381.295,609.9330000000001,1206.0400000000002,1038.273,472.78,362.523,1661.3289999999995,3374.788,1478.527,1092.82,1377.664,1499.5310000000002,512.0680000000001,3513.483999999999,2189.159999999999,1742.5779999999995,644.9110000000002,609.9330000000001,933.951
30,1076.6819999999998,1140.054,719.0160000000003,1082.834,573.0229999999999,756.1020000000003,585.2970000000001,1079.4839999999997,680.9850000000001,1816.871,895.9460000000003,1308.5369999999996,1017.752,1157.2479999999998,989.221,1491.1049999999998,1433.367,222.53,2596.030999999999,2660.095,782.6560000000002,452.1940000000001,1877.5239999999992,1713.791,1569.4769999999996,1107.7969999999998,680.0850000000002,224.512,367.626,,149.732,367.329,1164.446,2515.1180000000004,1457.2480000000005,1419.216,955.458,9069.477,692.538,601.542,1908.852,2327.9310000000005,1618.3029999999997,1927.667,1243.9230000000002,2992.004,637.134,2431.4940000000006,1396.903,5530.084000000002,796.835,914.6040000000002,1067.457,836.7199999999998,878.279,463.727,1695.638,1403.9330000000002,996.6560000000002,1119.697,1020.151,588.817,452.769,957.7000000000002,1245.7949999999998,561.4710000000001,490.5400000000001,1873.274,3361.48,1230.187,1349.576,1589.6089999999997,1251.191,674.3470000000002,3725.428999999999,2445.916,1999.334,538.092,452.769,1141.473
31,853.566,1161.986,740.9480000000002,1104.7659999999998,423.291,778.0340000000002,607.229,1101.4159999999997,702.917,1838.803,917.8780000000002,1330.4689999999998,1039.684,1179.1799999999998,1011.153,1242.9890000000005,1249.153,244.462,2617.962999999999,2682.026999999999,804.5880000000001,601.9260000000002,1899.4559999999992,1790.29,1591.4089999999997,923.583,702.017,246.444,389.558,149.732,,517.061,1186.378,2664.85,1209.132,1202.303,977.39,9059.611,714.47,623.474,1953.227,2126.1760000000004,1608.4369999999997,2077.3990000000003,1235.0460000000005,2775.0909999999994,659.066,2581.226,1418.835,5679.816000000001,612.621,936.5360000000002,1089.389,858.6519999999998,900.211,485.659,1717.57,1480.4320000000002,1018.5880000000002,1141.629,1042.083,610.749,303.037,1107.4320000000002,1267.727,480.229,442.056,1864.397,3089.6449999999995,982.071,1371.508,1580.7319999999995,1400.9230000000002,650.3140000000002,3523.673999999999,2467.8479999999995,2021.266,388.36,303.037,1163.405
32,1332.4680000000003,1388.0969999999998,967.0590000000004,1330.877,720.6760000000002,1004.1450000000004,833.3400000000001,1327.5269999999998,929.028,1673.7470000000003,1143.989,1556.5799999999997,1265.7949999999998,1100.9610000000002,1237.2639999999997,1123.776,1066.038,470.573,2844.073999999999,2908.1379999999995,1030.6990000000003,84.86500000000001,2125.566999999999,1346.462,1817.5199999999995,740.468,928.1280000000002,472.555,615.6690000000001,367.329,517.061,,1412.4889999999998,2147.7890000000007,1089.919,1828.961,1203.501,9479.222,940.581,849.5849999999998,2318.597,2737.6760000000017,2028.048,1560.3380000000002,1653.6680000000008,3401.7490000000007,885.1769999999999,2064.1650000000004,1644.9459999999997,5162.755,429.506,1162.6469999999997,1315.499999999999,1084.763,1126.322,711.7700000000001,1943.6809999999991,1036.604,1244.6989999999998,1367.74,1268.1939999999995,836.8599999999999,624.9340000000001,590.3710000000001,1493.8379999999995,910.867,897.9080000000002,2283.019,3264.740999999999,862.8580000000001,1597.6189999999992,1999.354,883.8620000000001,1133.758,4135.174000000001,2693.9590000000007,2247.3770000000004,759.4890000000001,624.9340000000001,1389.5159999999996
33,1960.574,685.9949999999999,1270.868,235.51500000000004,1609.669,841.065,579.149,233.52000000000004,1232.837,1362.812,1365.283,468.86,202.34500000000003,590.6100000000001,439.198,2536.265,2478.527,835.374,3147.883,3211.947,1061.214,1497.3539999999998,1503.694,1179.835,1957.067,2152.957,971.757,833.392,956.924,1164.446,1186.378,1412.4889999999998,,1715.928,2502.407999999999,2137.321000000001,1036.094,9787.582,679.35,824.668,2626.957000000001,3046.036000000002,2336.408,1732.545,1962.0280000000007,3710.1090000000017,1188.986,1735.1080000000002,942.844,5178.639000000001,1841.995,1466.4559999999997,1536.794,1096.223,286.16700000000003,873.8510000000001,2083.228,869.977,1548.5079999999998,910.436,566.092,575.629,1489.415,1059.777,118.365,1445.3630000000005,1335.1060000000002,2591.3790000000013,4276.023,2275.347,1737.1660000000002,2307.714000000001,1165.2409999999998,1442.1180000000002,4443.534000000001,2072.086,1625.5039999999997,1523.035,1489.415,294.154
34,3092.527,1560.2600000000004,2410.873,1611.9400000000005,2766.051,1715.1830000000002,1719.1540000000002,1608.5900000000004,2372.842,1068.9549999999997,2291.126,1656.7910000000004,1513.5830000000003,1147.2029999999995,1315.23,2883.835,2826.097,1975.379,3823.9430000000016,3570.606000000001,2030.622,2152.0880000000006,1821.275,794.1949999999998,2519.2480000000005,2500.527,2049.304,1973.397,2096.929,2515.1180000000004,2664.85,2147.7890000000007,1715.928,,2849.9779999999982,3277.326,1875.7810000000004,10927.587,1628.638,1882.047,3766.962,4186.040999999999,3476.412999999999,906.778,3102.032999999998,4850.114000000001,2328.9909999999995,522.3520000000001,1513.6490000000003,3837.246,2189.564999999999,2484.599,2462.784,1970.488,1458.713,2013.856,2655.629000000001,845.951,2431.4680000000003,1750.123,1440.2100000000005,1715.634,2835.86,1292.184,1797.2769999999998,3195.0360000000005,2475.111,3731.384000000001,5024.799999999998,2622.916999999999,2407.876000000001,3447.718999999999,1497.509,2582.122999999999,5583.539000000002,2389.6669999999995,1943.085,3043.658,2835.86,1670.579
35,948.0360000000002,2478.0159999999987,2056.978,2420.796,875.2360000000001,2094.064,1923.259,2417.445999999999,2018.9470000000003,2375.936,2233.908,2240.706,2355.713999999999,1803.1500000000003,1970.692,142.441,999.662,1560.492,3933.9929999999977,3998.056999999998,2120.618,969.889,3215.485999999998,2048.651,2907.4389999999985,732.968,2018.0470000000005,1562.4740000000004,1705.588,1457.2480000000005,1209.132,1089.919,2502.407999999999,2849.9779999999982,,1603.5119999999995,2293.42,9877.46,2030.4999999999995,1939.504,2853.994000000001,2425.5840000000007,2019.006,2262.527,2447.921,3073.246,1975.0959999999995,2766.354,2179.882,5864.944000000001,677.429,2252.565999999999,2405.4189999999985,2174.682,2216.2409999999995,1801.689,3033.6,1738.793,2334.617999999999,2457.659,2358.113,1926.7789999999995,1007.178,1292.56,2583.757,1366.354,1438.976,2936.1050000000014,2186.293,353.482,2687.538,2464.333999999999,1586.051,1637.8259999999996,3823.082,3783.878000000001,3337.2960000000007,1039.9019999999998,1007.178,2479.4349999999995
36,821.5510000000002,2112.9290000000005,1401.7859999999998,2055.7090000000003,1201.504,1654.6940000000002,1558.172,2052.3590000000004,1314.3199999999997,2753.948,1658.7220000000002,2281.4120000000003,1990.627,2130.1230000000005,1962.096,1745.9529999999995,2044.271,1418.54,3295.7510000000007,3364.1980000000017,1545.4320000000002,1913.826,2640.3,2891.927,2222.622,1630.5679999999998,1442.861,1420.522,1207.271,1419.216,1202.303,1828.961,2137.321000000001,3277.326,1603.5119999999995,,1831.701,7944.568000000002,1665.4130000000002,1505.4639999999995,867.7680000000001,939.9309999999998,426.414,2992.8369999999995,1067.2310000000002,1588.8459999999995,1176.124,3296.5059999999994,2369.778,6595.254000000002,1407.7389999999998,1597.3739999999998,1748.832,1599.496,1851.154,1659.7370000000003,2348.783,2431.374999999999,1679.426,1995.94,2002.677,1561.6920000000002,1081.25,2022.87,2218.67,722.074,832.331,870.854,3102.6890000000003,1348.448,2112.352,884.0380000000001,2316.361,768.5670000000002,2337.428999999999,3208.6920000000005,2762.11,944.6219999999998,1081.25,2114.3480000000004
37,1760.9689999999994,524.3739999999999,900.127,954.4820000000002,1400.681,370.6880000000001,605.549,951.132,862.0959999999999,951.62,679.94,1180.185,889.4000000000001,796.3409999999999,628.3140000000001,2327.277,2269.539,718.154,2526.873000000001,2319.289,419.4359999999999,1288.366,981.0139999999998,1089.5990000000002,1219.999,1943.9690000000005,438.118,720.136,812.169,955.458,977.39,1203.501,1036.094,1875.7810000000004,2293.42,1831.701,,9481.962,565.789,383.584,2321.337,2740.416000000001,2030.788,1926.829,1656.4080000000008,3404.4890000000005,818.245,1894.961,986.086,5338.492,1633.0069999999998,873.2659999999998,851.4510000000001,359.15500000000003,749.9269999999999,769.619,1346.16,1064.261,820.1349999999999,193.612,521.9259999999999,609.069,1280.427,1280.6909999999998,1117.443,1245.7580000000005,1135.5010000000004,2285.759,4067.035,2066.3589999999995,1000.098,2002.0940000000005,1531.804,1264.604,4137.914000000001,1549.4060000000002,1102.8240000000003,1314.047,1280.427,1013.121
38,8678.858999999999,9763.19,9052.047,9705.97,9058.812,9304.954999999998,9208.433,9702.62,8924.793,10404.208999999995,9308.982999999998,9931.673,9640.888,9780.383999999998,9612.357,10019.901,10709.562,9068.801,9993.083,10066.195,9195.693,9564.087,10290.560999999998,10542.187999999998,10064.408,9487.875999999998,9093.122,9070.783,8857.532,9069.477,9059.611,9479.222,9787.582,10927.587,9877.46,7944.568000000002,9481.962,,9315.674,9155.725,7415.288000000002,7490.247999999999,7549.526000000004,11039.559999999998,8452.374,7906.217000000001,8826.384999999998,10946.767000000003,10020.039,14641.976999999995,9265.047,9247.635000000002,9399.093,9249.757000000003,9501.415,9309.998000000003,9896.151999999998,10081.636000000002,9329.687000000002,9646.201,9652.938,9211.953,8938.557999999997,10069.592999999992,9868.930999999997,8579.382,8689.639,7519.279000000001,11030.378999999995,9205.756000000005,9879.948,8177.515000000004,10363.083999999992,8418.828,7153.016999999998,10858.952999999998,10412.370999999996,8801.929999999998,8938.557999999997,9764.609
39,1488.666,447.516,798.96,597.738,1137.761,195.101,107.241,594.3879999999999,760.9290000000001,1124.333,893.375,823.441,532.656,507.266,339.239,2064.357,2006.619,363.466,2675.9749999999995,2740.039,589.3059999999999,1025.446,1265.215,1092.545,1566.9060000000002,1681.049,499.8490000000001,361.484,485.016,692.538,714.47,940.581,679.35,1628.638,2030.4999999999995,1665.4130000000002,565.789,9315.674,,352.75999999999993,2155.0489999999995,2574.128000000001,1864.5,1645.108,1490.1200000000003,3238.2010000000005,717.078,1647.6710000000005,704.3649999999999,5091.349,1370.0870000000004,994.548,1064.886,643.3699999999998,393.183,401.943,1693.067,782.54,1076.6,544.918,327.613,103.721,1017.507,998.9699999999998,760.6990000000001,973.4550000000004,863.1980000000002,2119.4709999999995,3804.115,1803.4390000000003,1347.005,1835.8060000000005,1250.083,970.21,3971.626,1833.6069999999995,1387.0249999999992,1051.1270000000002,1017.507,656.3770000000001
40,1323.387,603.8169999999999,573.89,743.0559999999999,1046.765,243.29400000000004,245.519,739.7059999999999,535.859,1305.831,571.0319999999999,968.759,677.9739999999999,768.0289999999999,600.002,1973.361,1915.623,364.238,2450.905,2282.1210000000005,267.923,934.45,1231.9029999999998,1443.81,1182.831,1590.053,178.466,366.2199999999999,374.587,601.542,623.474,849.5849999999998,824.668,1882.047,1939.504,1505.4639999999995,383.584,9155.725,352.75999999999993,,1995.1,2414.179000000001,1704.5510000000002,1898.5170000000005,1330.1710000000005,3078.252,492.0080000000001,1901.08,957.774,5344.611000000001,1279.091,769.4780000000002,742.5430000000002,321.987,538.501,409.58900000000006,1308.9919999999995,1035.949,711.227,547.823,441.69,249.039,926.511,1439.956,906.017,808.176,697.919,1959.522,3713.118999999999,1712.4429999999998,962.93,1675.8570000000002,1733.447,938.3670000000002,3811.677,1800.2949999999994,1353.7129999999993,960.131,926.511,801.695
41,1572.4750000000004,2602.5650000000005,1788.292,2545.3450000000003,1952.428,2144.3299999999995,2047.808,2541.995,1669.619,3243.5840000000007,2148.358,2771.0480000000007,2480.263,2619.759000000001,2451.732,2996.435000000001,2795.195,1908.176,3274.4320000000016,3342.879000000002,2035.068,2403.462,3129.936,3381.563,2516.409000000001,2381.492,1932.497,1910.158,1696.9069999999997,1908.852,1953.227,2318.597,2626.957000000001,3766.962,2853.994000000001,867.7680000000001,2321.337,7415.288000000002,2155.0489999999995,1995.1,,830.0179999999998,438.846,3878.935,1245.273,1773.0859999999996,1665.5570000000007,3786.142,2859.4140000000007,7481.352000000002,2158.662999999999,1891.1610000000005,2042.6190000000008,2089.132,2340.79,2149.373,3172.8360000000007,2921.0109999999995,1973.2130000000004,2485.576,2492.312999999999,2051.328,1832.174,2908.9679999999994,2708.306,1472.998,1583.255,163.41299999999998,4006.913,2099.372,2413.9930000000004,862.719,3202.458999999999,1258.2029999999995,2227.515999999999,3698.328000000001,3251.7460000000005,1695.5459999999998,1832.174,2603.984
42,1745.4240000000004,3021.6440000000016,2310.5010000000007,2964.424000000002,2125.3770000000004,2563.409000000001,2466.8870000000006,2961.074000000002,2223.0350000000008,3662.663000000001,2567.4370000000013,3190.1270000000013,2899.342000000002,3038.8380000000016,2870.811000000001,2568.025000000001,3257.686,2327.255000000001,3887.558000000002,3956.005000000003,2454.147000000001,2822.541000000001,3549.0150000000003,3800.6420000000007,3131.3370000000014,2554.4410000000003,2351.576000000001,2329.2370000000005,2115.9860000000003,2327.9310000000005,2126.1760000000004,2737.6760000000017,3046.036000000002,4186.040999999999,2425.5840000000007,939.9309999999998,2740.416000000001,7490.247999999999,2574.128000000001,2414.179000000001,830.0179999999998,,942.3760000000002,3916.710000000001,1858.399,968.8220000000002,2084.8390000000004,4205.2210000000005,3278.493000000001,7519.127000000002,2331.612,2506.0890000000004,2657.5470000000005,2508.211,2759.869,2568.452,3257.4980000000005,3340.09,2588.1410000000005,2904.6550000000007,2911.3920000000007,2470.407,2005.1230000000005,2946.743,3127.385,1645.947,1756.2040000000002,912.129,3578.502999999999,2508.072,3021.067000000001,1475.845,3240.2339999999995,1677.2820000000002,1430.3909999999996,4117.407000000002,3670.825000000001,1868.495,2005.1230000000005,3023.063
43,1227.685,2312.016,1600.8729999999998,2254.796,1607.6379999999997,1853.781,1757.2589999999998,2251.4459999999995,1469.323,2953.034999999999,1857.809,2480.499,2189.714,2329.21,2161.183,2161.447,2450.404999999999,1617.6269999999995,3147.9790000000003,3216.4260000000013,1744.519,2112.913,2839.386999999999,3091.0139999999988,2421.7089999999994,2036.7019999999995,1641.9479999999996,1619.6089999999997,1406.3579999999995,1618.3029999999997,1608.4369999999997,2028.048,2336.408,3476.412999999999,2019.006,426.414,2030.788,7549.526000000004,1864.5,1704.5510000000002,438.846,942.3760000000002,,3588.3860000000004,1118.8200000000002,1830.4839999999992,1375.211,3495.593,2568.8650000000007,7190.803000000002,1813.873,1796.4609999999998,1947.919,1798.583,2050.241,1858.8240000000003,2547.87,2630.4619999999995,1878.513,2195.026999999999,2201.763999999999,1760.7790000000002,1487.3840000000005,2618.419,2417.757,1128.2080000000003,1238.4650000000004,441.932,3491.418999999999,1754.582,2311.4390000000003,736.266,2911.91,967.654,2339.873999999999,3407.779,2961.197,1350.756,1487.3840000000005,2313.435
44,2505.0760000000005,1576.73,2527.3970000000004,1628.557,2178.6000000000004,1731.8000000000002,1735.7710000000002,1625.207,2489.3660000000004,1432.9889999999998,2704.327,1599.385,1530.1999999999998,1163.82,1331.8469999999998,2296.384,2238.646,2030.911,4404.411999999998,3934.6400000000017,2591.0370000000003,1564.6370000000002,2185.309,1158.2289999999998,2883.282000000001,1913.076,2488.466,2032.893,2176.0070000000005,1927.667,2077.3990000000003,1560.3380000000002,1732.545,906.778,2262.527,2992.8369999999995,1926.829,11039.559999999998,1645.108,1898.5170000000005,3878.935,3916.710000000001,3588.3860000000004,,3214.0059999999976,4565.625000000002,2445.514999999999,823.1539999999998,1530.2660000000003,4304.573,1602.1139999999998,2722.984999999999,2875.837999999999,1987.105,1475.33,2272.108,3019.6630000000005,862.5680000000001,2805.037,1801.318,1456.9740000000004,1732.2510000000002,2248.409,1308.8010000000002,1813.894,2607.5850000000005,2458.245999999999,3843.357,4437.348999999998,2035.466,2771.9100000000003,3559.691999999999,1440.103,2694.095999999998,5314.208000000001,2753.701,2307.119,2456.207,2248.409,1687.196
45,1477.2780000000005,1937.6360000000009,964.636,1880.4160000000008,1695.581,1479.4010000000003,1382.8790000000004,1877.0660000000007,766.0830000000001,2578.654999999998,1175.7380000000005,2106.119,1815.3340000000007,1954.8300000000008,1786.8030000000008,2590.362,2719.7059999999983,1243.2470000000003,2067.859,2134.8010000000004,1370.1390000000004,1738.5330000000008,2209.477,2716.6339999999973,1560.0540000000003,2394.136,1267.568000000001,1245.2290000000005,1031.978,1243.9230000000002,1235.0460000000005,1653.6680000000008,1962.0280000000007,3102.032999999998,2447.921,1067.2310000000002,1656.4080000000008,8452.374,1490.1200000000003,1330.1710000000005,1245.273,1858.399,1118.8200000000002,3214.0059999999976,,2558.8769999999995,783.7329999999998,3121.213,2194.484999999999,6816.423000000002,2083.1739999999995,934.806,1086.264,1424.2029999999995,1675.861,1484.4439999999995,1666.8520000000003,2256.0819999999994,1016.858,1820.647,1827.384,1386.399,1575.3270000000002,2244.039,2043.377,1216.151,1037.075,1209.6950000000002,3947.098,2004.175,1457.638,461.724,2537.53,781.8160000000001,3255.8969999999995,2726.536,2331.2870000000003,1438.6989999999998,1575.3270000000002,1939.055
46,2394.3389999999995,3685.7170000000015,2974.573999999999,3628.497000000001,2774.2919999999995,3227.4820000000004,3130.96,3625.147000000001,2887.108,4326.736000000003,3231.51,3854.200000000001,3563.415000000001,3702.9110000000014,3534.884000000001,3215.6870000000004,3661.386,2991.328,4588.036000000002,4656.483000000003,3118.2200000000003,3486.6140000000005,4213.088000000001,4464.715000000002,3795.4100000000008,3203.356,3015.649,2993.31,2780.059,2992.004,2775.0909999999994,3401.7490000000007,3710.1090000000017,4850.114000000001,3073.246,1588.8459999999995,3404.4890000000005,7906.217000000001,3238.2010000000005,3078.252,1773.0859999999996,968.8220000000002,1830.4839999999992,4565.625000000002,2558.8769999999995,,2748.912,4869.294,3942.566,8168.042000000004,2980.527,3170.162,3321.62,3172.284,3423.942,3232.524999999999,3921.571,4004.163,3252.214,3568.728,3575.465,3134.48,2654.0380000000005,3595.6580000000004,3791.458,2294.862,2405.119,1855.197,3982.203,3155.734000000001,3685.14,2176.3230000000003,3889.149,2341.355,979.5080000000002,4781.479999999999,4334.898,2517.41,2654.0380000000005,3687.136
47,1383.775,1313.2459999999994,244.899,1107.3739999999998,999.9930000000002,671.8679999999999,609.837,1104.0239999999997,90.54,1740.4919999999993,645.266,1333.0769999999998,1042.2919999999997,1181.788,1013.761,2008.953,1951.215,474.7560000000001,2121.914,2185.978,531.976,970.042,1626.8439999999994,1878.4709999999995,1065.735,1625.6449999999998,429.405,476.7380000000001,354.34400000000005,637.134,659.066,885.1769999999999,1188.986,2328.9909999999995,1975.0959999999995,1176.124,818.245,8826.384999999998,717.078,492.0080000000001,1665.5570000000007,2084.8390000000004,1375.211,2445.514999999999,783.7329999999998,2748.912,,2348.1710000000007,1421.443,6047.932000000002,1314.6830000000002,440.487,591.945,586.0399999999997,902.819,715.9530000000001,1191.8959999999995,1483.0400000000002,522.539,982.4839999999996,989.221,613.357,879.739,1475.5480000000002,1270.3349999999998,697.8870000000001,587.63,1629.979,3995.771,1748.035,963.3189999999998,1235.709,1769.0390000000002,609.0270000000003,3482.3369999999995,2195.2359999999985,1748.653999999999,986.4689999999998,879.739,1166.0129999999997
48,3008.903,1579.2930000000003,2430.053000000001,1631.1200000000003,2682.427,1734.3630000000005,1738.3340000000003,1627.7700000000004,2392.022000000001,1088.1349999999998,2310.3060000000005,1675.9710000000005,1532.7630000000004,1166.3829999999998,1334.41,2800.211,2742.473,1994.559,3843.1230000000014,3589.786000000002,2049.802,2068.4640000000004,1840.455,813.3749999999998,2538.428000000001,2416.903,2068.4840000000004,1992.577,2116.1090000000004,2431.4940000000006,2581.226,2064.1650000000004,1735.1080000000002,522.3520000000001,2766.354,3296.5059999999994,1894.961,10946.767000000003,1647.6710000000005,1901.08,3786.142,4205.2210000000005,3495.593,823.1539999999998,3121.213,4869.294,2348.1710000000007,,1532.8290000000004,3797.208,2105.941,2503.7790000000005,2481.9640000000004,1989.668,1477.8929999999998,2033.036,2674.8090000000007,865.131,2450.6480000000006,1769.303,1459.3900000000003,1734.814,2752.236,1311.364,1816.457,3111.4120000000007,2494.291,3750.5640000000008,4941.175999999999,2539.292999999999,2427.0560000000005,3466.8989999999994,1516.689,2601.3029999999994,5602.719000000002,2408.847,1962.265,2960.034,2752.236,1689.7589999999998
49,2193.0309999999995,635.987,1503.3249999999998,818.9019999999999,1842.126,791.0569999999999,811.6059999999999,815.552,1465.294,1312.804,1367.0000000000002,959.0409999999998,720.545,420.331,535.0640000000001,2213.739,2156.001,1067.831,3213.933000000002,3203.017000000001,1106.496,1729.8109999999997,1453.686,977.556,1907.059,1830.4310000000005,1125.178,1065.8490000000002,1189.381,1396.903,1418.835,1644.9459999999997,942.844,1513.6490000000003,2179.882,2369.778,986.086,10020.039,704.3649999999999,957.774,2859.4140000000007,3278.493000000001,2568.8650000000007,1530.2660000000003,2194.484999999999,3942.566,1421.443,1532.8290000000004,,4976.360000000001,1519.4690000000005,1560.326,1538.5109999999995,1046.215,656.677,1106.308,2033.2200000000005,667.6980000000001,1507.195,860.4280000000002,516.0840000000001,808.086,1721.872,887.3220000000001,1024.193,1677.82,1567.563,2823.8360000000016,4354.703999999999,1952.821,1687.1580000000004,2540.1710000000003,1135.241,1674.5749999999998,4675.991000000001,2022.078,1575.4959999999996,1755.4920000000002,1721.872,877.541
50,6107.493000000001,5022.9710000000005,6129.814000000001,5074.651,5781.017000000001,5178.041000000001,5181.865000000001,5071.301,6091.783000000001,4531.665999999999,5753.837000000001,5119.502000000001,4976.294,4609.914,4777.941,5898.801000000001,5783.081000000001,5633.328,7641.655000000001,7388.318,5493.3330000000005,5167.054,5638.987000000002,4256.905999999999,6414.337,5515.493000000001,5512.015000000002,5635.31,5778.424000000001,5530.084000000002,5679.816000000001,5162.755,5178.639000000001,3837.246,5864.944000000001,6595.254000000002,5338.492,14641.976999999995,5091.349,5344.611000000001,7481.352000000002,7519.127000000002,7190.803000000002,4304.573,6816.423000000002,8168.042000000004,6047.932000000002,3797.208,4976.360000000001,,5204.530999999999,6325.402000000001,5925.494999999997,5433.198999999998,4921.423999999999,5874.525000000001,6550.718000000005,4308.661999999999,5894.178999999997,5212.834000000001,4902.920999999999,5178.344999999999,5850.826,4754.895,5259.988,6210.001999999999,6060.6630000000005,7445.773999999999,7265.026,5637.883,6324.421000000003,7162.109,4960.219999999999,6296.513000000001,8916.625000000004,5779.053000000005,5760.797000000005,6058.623999999999,5850.826,5133.290000000001
51,919.9780000000004,1817.603,1396.5650000000005,1760.383,593.5020000000001,1433.6510000000003,1262.8460000000002,1757.033,1358.5340000000003,1715.5230000000004,1573.495,1580.293,1695.301,1142.7370000000003,1310.279,711.2860000000001,636.532,900.079,3273.5799999999986,3337.643999999999,1460.2050000000004,433.805,2555.072999999999,1388.238,2247.0259999999994,310.962,1357.6340000000002,902.061,1045.1750000000002,796.835,612.621,429.506,1841.995,2189.564999999999,677.429,1407.7389999999998,1633.0069999999998,9265.047,1370.0870000000004,1279.091,2158.662999999999,2331.612,1813.873,1602.1139999999998,2083.1739999999995,2980.527,1314.6830000000002,2105.941,1519.4690000000005,5204.530999999999,,1592.1529999999996,1745.0059999999996,1514.2689999999996,1555.828,1141.276,2373.187,1078.38,1674.2049999999997,1797.2460000000003,1697.6999999999998,1266.366,663.3109999999999,632.147,1923.344,1022.487,1095.1090000000002,2161.749,2835.235,450.36800000000005,2027.1249999999995,2161.193,925.638,1437.294,3729.109999999999,3123.465,2676.883,871.109,663.3109999999999,1819.022
52,1805.025,1368.2669999999998,234.132,1384.8439999999996,1359.8269999999998,949.338,887.3070000000001,1381.4939999999997,369.4210000000001,1795.5129999999997,212.011,1610.5469999999996,1319.7619999999995,1370.581,1202.554,2286.423,2228.684999999999,752.2260000000002,1885.729,1752.159,452.22,1247.512,1256.1570000000002,1933.492,652.869,1903.115,585.8919999999999,754.2080000000002,685.4530000000001,914.6040000000002,936.5360000000002,1162.6469999999997,1466.4559999999997,2484.599,2252.565999999999,1597.3739999999998,873.2659999999998,9247.635000000002,994.548,769.4780000000002,1891.1610000000005,2506.0890000000004,1796.4609999999998,2722.984999999999,934.806,3170.162,440.487,2503.7790000000005,1560.326,6325.402000000001,1592.1529999999996,,179.079,522.579,1180.289,993.423,779.03,1638.5010000000004,53.131,1037.505,1044.2420000000002,890.827,1239.573,1753.018,1547.8049999999998,1119.1369999999995,1008.8799999999998,1855.583,4417.021,2025.505,550.4529999999999,1378.819,2046.509,1030.277,3903.587,1824.549,1377.967,1287.9489999999998,1239.573,1443.4829999999995
53,1956.483,1346.4519999999995,385.59,1455.1819999999996,1512.68,975.9860000000002,957.645,1451.8319999999997,520.879,1773.6979999999994,190.19600000000003,1680.885,1390.0999999999992,1348.7659999999998,1180.7389999999998,2439.2759999999985,2381.537999999998,905.0790000000004,1730.753,1593.304,430.405,1400.3649999999996,1150.459,1911.677,494.014,2055.9679999999994,564.077,907.0610000000004,836.9110000000002,1067.457,1089.389,1315.499999999999,1536.794,2462.784,2405.4189999999985,1748.832,851.4510000000001,9399.093,1064.886,742.5430000000002,2042.6190000000008,2657.5470000000005,1947.919,2875.837999999999,1086.264,3321.62,591.945,2481.9640000000004,1538.5109999999995,5925.494999999997,1745.0059999999996,179.079,,500.764,1250.627,1056.245,620.1750000000002,1616.6860000000004,138.90800000000002,1015.6899999999998,1022.427,961.165,1392.4260000000002,1905.8710000000003,1618.1429999999998,1270.595,1160.338,2007.041,4568.479,2178.358,398.62000000000006,1530.277,2199.362,1181.735,4055.045,1660.496,1272.2689999999998,1439.4070000000002,1392.4260000000002,1513.8209999999997
54,1528.7639999999997,854.1559999999996,431.9770000000001,1014.611,1281.943,483.69,536.1289999999999,1011.261,629.8909999999997,1281.4019999999998,329.253,1240.314,949.529,856.4699999999999,688.4429999999998,2208.539,2150.8009999999995,674.3419999999999,2176.1860000000006,1968.602,68.74900000000001,1169.6280000000004,1116.32,1419.381,869.312,1825.2309999999995,205.913,676.3239999999998,579.9639999999998,836.7199999999998,858.6519999999998,1084.763,1096.223,1970.488,2174.682,1599.496,359.15500000000003,9249.757000000003,643.3699999999998,321.987,2089.132,2508.211,1798.583,1987.105,1424.2029999999995,3172.284,586.0399999999997,1989.668,1046.215,5433.198999999998,1514.2689999999996,522.579,500.764,,810.0559999999999,700.1990000000002,995.473,1124.39,469.448,523.394,530.131,539.649,1161.689,1340.82,1177.572,1013.5530000000002,903.2960000000002,2053.554,3915.561,1947.621,649.411,1769.889,1591.9330000000004,1032.399,3905.709,1684.7120000000002,1238.13,1185.684,1161.689,1073.25
55,1674.407,399.8279999999999,984.701,204.555,1323.502,554.898,292.982,201.205,946.67,1076.645,1079.116,430.258,139.47299999999998,323.092,155.065,2250.098,2192.36,549.207,2861.7159999999994,2925.78,775.0469999999999,1211.187,1217.527,922.62,1670.9,1866.79,685.59,547.2249999999999,670.757,878.279,900.211,1126.322,286.16700000000003,1458.713,2216.2409999999995,1851.154,749.9269999999999,9501.415,393.183,538.501,2340.79,2759.869,2050.241,1475.33,1675.861,3423.942,902.819,1477.8929999999998,656.677,4921.423999999999,1555.828,1180.289,1250.627,810.0559999999999,,587.684,1797.061,612.762,1262.341,624.2689999999999,279.925,289.462,1203.2479999999996,802.5619999999999,367.516,1159.1960000000004,1048.9390000000003,2305.212,3989.856,1989.18,1450.9990000000005,2021.547,1069.7399999999998,1155.951,4157.367,1785.9189999999992,1339.3369999999993,1236.8679999999997,1203.2479999999996,263.194
56,1354.1470000000002,849.4590000000001,797.8350000000003,792.239,908.9500000000002,527.6930000000001,294.702,788.889,759.8040000000001,1526.2759999999998,884.7340000000003,1017.942,727.1570000000002,866.6530000000001,698.6260000000002,1835.546,1777.8079999999998,241.197,2674.849999999999,2738.914,646.135,796.6350000000002,1617.9379999999994,1477.7629999999997,1558.265,1452.2379999999998,556.678,239.21500000000003,446.4450000000001,463.727,485.659,711.7700000000001,873.8510000000001,2013.856,1801.689,1659.7370000000003,769.619,9309.998000000003,401.943,409.58900000000006,2149.373,2568.452,1858.8240000000003,2272.108,1484.4439999999995,3232.524999999999,715.9530000000001,2033.036,1106.308,5874.525000000001,1141.276,993.423,1056.245,700.1990000000002,587.684,,1684.426,1167.905,1075.475,933.858,729.556,298.22200000000004,788.6959999999999,1302.1410000000003,955.2,838.936,728.679,2113.795,3575.303999999999,1574.6280000000002,1338.364,1830.1300000000003,1595.6320000000003,964.534,3965.95,2186.329999999999,1739.7479999999996,874.019,788.6959999999999,850.878
57,2556.434,1599.012,985.541,2001.616,2140.861000000001,1470.695,1585.8259999999998,1998.266,1120.8299999999997,1731.4679999999998,818.377,2227.3190000000004,1936.534,1843.4750000000004,1675.448,3067.457,3009.719,1533.26,1250.3279999999995,999.9620000000002,1055.754,2028.546,971.5789999999998,1869.447,136.774,2684.1490000000003,1192.2579999999996,1535.242,1436.862,1695.638,1717.57,1943.6809999999991,2083.228,2655.629000000001,3033.6,2348.783,1346.16,9896.151999999998,1693.067,1308.9919999999995,3172.8360000000007,3257.4980000000005,2547.87,3019.6630000000005,1666.8520000000003,3921.571,1191.8959999999995,2674.8090000000007,2033.2200000000005,6550.718000000005,2373.187,779.03,620.1750000000002,995.473,1797.061,1684.426,,2135.9970000000003,738.859,1268.2500000000005,1517.1359999999995,1589.346,2020.607,2534.051999999999,2164.577,1870.5460000000005,1760.2890000000002,2860.222,5168.430000000001,2806.539,332.287,2344.030000000001,2827.5429999999988,1781.686,4654.996000000001,1354.3109999999997,908.4179999999998,2039.358,2020.607,2060.255
58,1981.3420000000003,714.162,1564.922,765.989,1654.866,869.232,873.203,762.639,1526.891,711.455,1445.1750000000004,810.84,667.632,301.252,469.279,1772.65,1714.912,1129.428,3304.311000000001,3050.9740000000006,1184.671,1040.903,1301.6429999999998,384.17,1999.616,1389.342,1203.353,1127.446,1250.978,1403.9330000000002,1480.4320000000002,1036.604,869.977,845.951,1738.793,2431.374999999999,1064.261,10081.636000000002,782.54,1035.949,2921.0109999999995,3340.09,2630.4619999999995,862.5680000000001,2256.0819999999994,4004.163,1483.0400000000002,865.131,667.6980000000001,4308.661999999999,1078.38,1638.5010000000004,1616.6860000000004,1124.39,612.762,1167.905,2135.9970000000003,,1585.5169999999998,938.75,594.406,869.683,1724.675,446.233,951.326,1739.417,1629.16,2885.4330000000004,3913.615,1511.732,1765.4800000000002,2601.768,651.5580000000001,1736.1719999999998,4737.588000000001,1870.0349999999992,1423.4529999999993,1932.473,1724.675,824.628
59,1887.077,1315.1359999999995,316.184,1466.8959999999995,1441.879,944.67,969.3590000000002,1463.5459999999998,451.47300000000007,1742.3819999999996,158.88,1692.5989999999997,1401.814,1317.45,1149.423,2368.475,2310.736999999999,834.2780000000002,1967.781,1711.988,399.089,1329.564,1203.026,1880.361,612.698,1985.167,532.761,836.2600000000002,767.5050000000001,996.6560000000002,1018.5880000000002,1244.6989999999998,1548.5079999999998,2431.4680000000003,2334.617999999999,1679.426,820.1349999999999,9329.687000000002,1076.6,711.227,1973.2130000000004,2588.1410000000005,1878.513,2805.037,1016.858,3252.214,522.539,2450.6480000000006,1507.195,5894.178999999997,1674.2049999999997,53.131,138.90800000000002,469.448,1262.341,1075.475,738.859,1585.5169999999998,,984.3739999999998,991.111,972.879,1321.6250000000002,1835.07,1629.857,1201.189,1090.932,1937.635,4499.073,2107.557,463.89200000000005,1460.871,2128.561,1112.3290000000002,3985.639,1771.418,1324.8359999999998,1370.0010000000002,1321.6250000000002,1525.535
60,1925.208,398.716,1064.3659999999998,828.8240000000002,1564.9199999999998,349.81700000000006,652.159,825.474,1026.3349999999998,825.9619999999999,844.1789999999999,1054.527,763.7420000000001,670.6829999999999,502.65600000000006,2491.516,2433.778,882.3929999999998,2448.963,2241.3789999999995,583.675,1452.6049999999998,966.844,963.941,1142.089,2108.208,602.357,884.3749999999998,976.408,1119.697,1141.629,1367.74,910.436,1750.123,2457.659,1995.94,193.612,9646.201,544.918,547.823,2485.576,2904.6550000000007,2195.026999999999,1801.318,1820.647,3568.728,982.4839999999996,1769.303,860.4280000000002,5212.834000000001,1797.2460000000003,1037.505,1015.6899999999998,523.394,624.2689999999999,933.858,1268.2500000000005,938.75,984.3739999999998,,396.2679999999999,648.6390000000001,1444.666,1155.033,991.785,1409.9970000000003,1299.7400000000005,2449.998,4231.274,2230.598,922.188,2166.3330000000005,1406.1460000000002,1428.843,4302.153000000001,1535.236,1088.654,1478.286,1444.666,887.4630000000001
61,1816.279,171.82699999999997,1071.103,484.48,1465.3739999999998,274.973,434.854,481.13,1033.072,848.6440000000001,850.9160000000002,710.1829999999999,419.398,326.339,158.31199999999998,2391.9700000000003,2334.232,691.0790000000001,2697.849000000001,2490.2650000000003,590.4119999999999,1353.0589999999995,989.5260000000002,986.6230000000004,1390.975,2008.662,609.0939999999999,689.097,812.629,1020.151,1042.083,1268.1939999999995,566.092,1440.2100000000005,2358.113,2002.677,521.9259999999999,9652.938,327.613,441.69,2492.312999999999,2911.3920000000007,2201.763999999999,1456.9740000000004,1827.384,3575.465,989.221,1459.3900000000003,516.0840000000001,4902.920999999999,1697.6999999999998,1044.2420000000002,1022.427,530.131,279.925,729.556,1517.1359999999995,594.406,991.111,396.2679999999999,,431.334,1345.12,810.6890000000001,647.4409999999999,1301.0680000000004,1190.8110000000004,2456.735,4131.728,2131.052,1171.074,2173.07,1061.949,1435.58,4308.890000000001,1557.918,1111.336,1378.74,1345.12,543.119
62,1384.945,551.237,695.239,494.017,1034.04,298.822,3.52,490.667,657.2080000000001,1228.054,789.654,719.72,428.935,568.431,400.404,1960.636,1902.898,259.745,2572.2539999999995,2636.318,485.5849999999999,921.725,1368.936,1179.541,1463.1850000000002,1577.328,396.128,257.763,381.295,588.817,610.749,836.8599999999999,575.629,1715.634,1926.7789999999995,1561.6920000000002,609.069,9211.953,103.721,249.039,2051.328,2470.407,1760.7790000000002,1732.2510000000002,1386.399,3134.48,613.357,1734.814,808.086,5178.344999999999,1266.366,890.827,961.165,539.649,289.462,298.22200000000004,1589.346,869.683,972.879,648.6390000000001,431.334,,913.786,1078.5359999999998,656.978,869.7340000000003,759.4770000000002,2015.75,3700.3939999999993,1699.7179999999998,1243.284,1732.0849999999998,1337.226,866.489,3867.9049999999993,1937.3279999999995,1490.7459999999994,947.406,913.786,552.6560000000001
63,589.4279999999999,1465.023,1043.985,1407.803,120.254,1081.071,910.266,1404.4529999999995,1005.954,2141.84,1220.915,1633.506,1342.721,1482.217,1314.1899999999998,1041.035,1299.843,547.4989999999999,2920.999999999998,2985.063999999999,1107.6249999999998,585.094,2202.4929999999995,2034.533,1894.446,886.1400000000001,1005.054,549.481,609.9330000000001,452.769,303.037,624.9340000000001,1489.415,2835.86,1007.178,1081.25,1280.427,8938.557999999997,1017.507,926.511,1832.174,2005.1230000000005,1487.3840000000005,2248.409,1575.3270000000002,2654.0380000000005,879.739,2752.236,1721.872,5850.826,663.3109999999999,1239.573,1392.4260000000002,1161.689,1203.2479999999996,788.6959999999999,2020.607,1724.675,1321.6250000000002,1444.666,1345.12,913.786,,1278.442,1570.7639999999997,359.176,431.79800000000006,1835.26,2825.507,780.1170000000001,1674.5449999999996,1834.704,1571.933,773.9830000000001,3402.621,2770.885000000001,2324.303000000001,207.798,0.0,1466.4419999999996
64,1535.1090000000004,930.592,1557.4300000000003,955.789,1208.633,1085.6619999999998,1082.0559999999998,952.439,1519.3990000000003,1083.3760000000002,1734.36,948.146,857.432,510.59,678.3699999999999,1326.417,1268.679,1060.944,3434.444999999999,3498.508999999999,1621.0700000000004,594.6700000000001,1748.2910000000002,756.091,2407.891,943.1090000000002,1518.4990000000005,1062.9260000000002,1206.0400000000002,957.7000000000002,1107.4320000000002,590.3710000000001,1059.777,1292.184,1292.56,2022.87,1280.6909999999998,10069.592999999992,998.9699999999998,1439.956,2908.9679999999994,2946.743,2618.419,1308.8010000000002,2244.039,3595.6580000000004,1475.5480000000002,1311.364,887.3220000000001,4754.895,632.147,1753.018,1905.8710000000003,1340.82,802.5619999999999,1302.1410000000003,2534.051999999999,446.233,1835.07,1155.033,810.6890000000001,1078.5359999999998,1278.442,,1141.126,1637.6180000000004,1488.2790000000005,2873.3900000000017,3467.382,1065.4990000000005,2187.99,2589.7250000000004,293.491,1724.1290000000004,4344.241000000001,2316.6829999999995,1870.101,1486.2400000000002,1278.4420000000002,1014.428
65,2041.923,767.3439999999998,1352.217,316.86400000000003,1691.0179999999998,922.414,660.4979999999999,314.869,1314.186,1444.1609999999998,1446.6319999999998,550.209,283.694,671.9590000000001,520.547,2617.614,2559.876,916.723,3229.2319999999995,3293.296,1142.563,1578.7029999999995,1585.043,1261.184,2038.416,2234.306,1053.106,914.741,1038.273,1245.7949999999998,1267.727,1493.8379999999995,118.365,1797.2769999999998,2583.757,2218.67,1117.443,9868.930999999997,760.6990000000001,906.017,2708.306,3127.385,2417.757,1813.894,2043.377,3791.458,1270.3349999999998,1816.457,1024.193,5259.988,1923.344,1547.8049999999998,1618.1429999999998,1177.572,367.516,955.2,2164.577,951.326,1629.857,991.785,647.4409999999999,656.978,1570.7639999999997,1141.126,,1526.712,1416.455,2672.728000000001,4357.372,2356.696,1818.515,2389.063,1246.59,1523.467,4524.883000000001,2153.4349999999986,1706.8529999999994,1604.384,1570.764,375.503
66,515.211,1420.9710000000005,923.549,1363.7510000000004,479.43,962.7360000000002,866.2140000000002,1360.4010000000003,836.0830000000001,2168.004999999999,1072.7790000000002,1589.454,1298.6690000000003,1438.1650000000002,1270.1380000000004,1400.2110000000002,1659.0190000000002,597.739,2800.5639999999994,2864.628,959.4890000000004,871.027,2054.3569999999995,2049.275,1744.3850000000002,1245.3160000000005,856.9180000000002,599.7210000000001,472.78,561.4710000000001,480.229,910.867,1445.3630000000005,3195.0360000000005,1366.354,722.074,1245.7580000000005,8579.382,973.4550000000004,808.176,1472.998,1645.947,1128.2080000000003,2607.5850000000005,1216.151,2294.862,697.8870000000001,3111.4120000000007,1677.82,6210.001999999999,1022.487,1119.1369999999995,1270.595,1013.5530000000002,1159.1960000000004,838.936,1870.5460000000005,1739.417,1201.189,1409.9970000000003,1301.0680000000004,869.7340000000003,359.176,1637.6180000000004,1526.712,,110.257,1476.084,3064.003999999999,1139.293,1526.4089999999997,1475.528,1931.1090000000004,487.5530000000001,3043.445,2622.7490000000003,2176.167,326.217,359.176,1422.39
67,625.4680000000001,1310.7140000000004,813.2919999999999,1253.4940000000004,552.052,852.4790000000002,755.9570000000001,1250.1440000000002,725.826,2057.747999999999,962.5220000000004,1479.197,1188.4120000000005,1327.908,1159.8810000000003,1472.8330000000003,1731.6410000000003,487.482,2690.307,2754.371,849.2320000000003,982.7730000000004,1944.0999999999992,1939.018,1634.1280000000002,1317.9380000000003,746.6610000000002,489.46400000000006,362.523,490.5400000000001,442.056,897.9080000000002,1335.1060000000002,2475.111,1438.976,832.331,1135.5010000000004,8689.639,863.1980000000002,697.919,1583.255,1756.2040000000002,1238.4650000000004,2458.245999999999,1037.075,2405.119,587.63,2494.291,1567.563,6060.6630000000005,1095.1090000000002,1008.8799999999998,1160.338,903.2960000000002,1048.9390000000003,728.679,1760.2890000000002,1629.16,1090.932,1299.7400000000005,1190.8110000000004,759.4770000000002,431.79800000000006,1488.2790000000005,1416.455,110.257,,1586.341,3174.2609999999995,1211.9150000000004,1416.1519999999998,1250.593,1781.7700000000002,342.185,3153.702,2512.492,2065.91,398.839,431.798,1312.1329999999998
68,1575.561,2566.9870000000005,1752.714,2509.7670000000003,1955.514,2108.7519999999995,2012.23,2506.417,1634.041,3208.0060000000008,2112.78,2735.4700000000007,2444.685,2584.181000000001,2416.154,3078.546000000001,2798.2809999999995,1872.598,2961.818,3030.265000000001,1999.49,2367.884,3094.358,3345.985,2480.8310000000006,2384.578,1896.919,1874.58,1661.3289999999995,1873.274,1864.397,2283.019,2591.3790000000013,3731.384000000001,2936.1050000000014,870.854,2285.759,7519.279000000001,2119.4709999999995,1959.522,163.41299999999998,912.129,441.932,3843.357,1209.6950000000002,1855.197,1629.979,3750.5640000000008,2823.8360000000016,7445.773999999999,2161.749,1855.583,2007.041,2053.554,2305.212,2113.795,2860.222,2885.4330000000004,1937.635,2449.998,2456.735,2015.75,1835.26,2873.3900000000017,2672.728000000001,1476.084,1586.341,,4089.024,2102.458,2378.415000000001,527.382,3166.8809999999994,1222.6249999999998,2309.626999999999,3662.750000000001,3216.168,1698.6319999999998,1835.26,2568.406
69,2592.8369999999995,4251.631,4221.433,4194.411,2774.1090000000004,3867.679,3696.873999999999,4191.061,4133.967000000001,4550.757999999999,4007.523,4415.527999999999,4129.329000000001,3977.972,4100.798,2180.7719999999995,2617.665,3334.106999999999,6248.971000000001,6317.418000000002,3894.233,3269.039999999999,4989.101,4223.472999999999,5042.269,2550.869,3758.926,3336.089,3374.788,3361.48,3089.6449999999995,3264.740999999999,4276.023,5024.799999999998,2186.293,3102.6890000000003,4067.035,11030.378999999995,3804.115,3713.118999999999,4006.913,3578.502999999999,3491.418999999999,4437.348999999998,3947.098,3982.203,3995.771,4941.175999999999,4354.703999999999,7265.026,2835.235,4417.021,4568.479,3915.561,3989.856,3575.303999999999,5168.430000000001,3913.615,4499.073,4231.274,4131.728,3700.3939999999993,2825.507,3467.382,4357.372,3064.003999999999,3174.2609999999995,4089.024,,2551.187000000001,4461.152999999998,3837.258,3760.873000000001,3282.6269999999995,4976.001000000002,5557.492999999996,5110.910999999997,2800.2440000000006,2825.5070000000005,4253.049999999999
70,769.645,2250.9549999999995,1829.917,2193.735,538.566,1867.003,1696.198,2190.385,1791.886,2148.8750000000005,2006.847,2013.645,2128.653,1576.089,1743.631,450.619,871.143,1333.431,3706.9319999999984,3770.995999999999,1893.557,742.8280000000001,2988.424999999999,1821.59,2680.3779999999992,505.907,1790.986,1335.413,1478.527,1230.187,982.071,862.8580000000001,2275.347,2622.916999999999,353.482,1348.448,2066.3589999999995,9205.756000000005,1803.4390000000003,1712.4429999999998,2099.372,2508.072,1754.582,2035.466,2004.175,3155.734000000001,1748.035,2539.292999999999,1952.821,5637.883,450.36800000000005,2025.505,2178.358,1947.621,1989.18,1574.6280000000002,2806.539,1511.732,2107.557,2230.598,2131.052,1699.7179999999998,780.1170000000001,1065.4990000000005,2356.696,1139.293,1211.9150000000004,2102.458,2551.187000000001,,2460.4770000000003,2101.902,1358.99,1260.731,3905.57,3556.8170000000005,3110.235,711.793,780.117,2252.374
71,2041.62,1252.95,756.9639999999997,1655.554,1794.799,1124.633,1239.764,1652.2040000000002,892.2529999999998,1483.715,472.31500000000005,1881.257,1590.4720000000002,1497.4130000000005,1329.386,2721.3949999999995,2663.657,1187.198,1566.3170000000005,1301.7119999999998,709.6919999999999,1682.4839999999997,827.5029999999999,1621.694,206.126,2338.087,846.1959999999999,1189.18,1092.82,1349.576,1371.508,1597.6189999999992,1737.1660000000002,2407.876000000001,2687.538,2112.352,1000.098,9879.948,1347.005,962.93,2413.9930000000004,3021.067000000001,2311.4390000000003,2771.9100000000003,1457.638,3685.14,963.3189999999998,2427.0560000000005,1687.1580000000004,6324.421000000003,2027.1249999999995,550.4529999999999,398.62000000000006,649.411,1450.9990000000005,1338.364,332.287,1765.4800000000002,463.89200000000005,922.188,1171.074,1243.284,1674.5449999999996,2187.99,1818.515,1526.4089999999997,1416.1519999999998,2378.415000000001,4461.152999999998,2460.4770000000003,,1901.6510000000003,2481.481,1545.255,4418.5650000000005,1395.8950000000002,949.3129999999998,1698.54,1674.5449999999998,1714.1929999999998
72,1575.005,2283.322,1358.4440000000002,2226.102,1954.958,1825.087,1728.5649999999998,2222.7520000000004,1239.771,2924.3409999999985,1619.7510000000002,2451.8050000000003,2161.0200000000004,2300.5160000000005,2132.4890000000005,2606.775,2797.7249999999995,1588.9329999999998,2445.626000000001,2514.0730000000017,1715.825,2084.219,2653.4900000000007,3062.319999999999,2004.0670000000005,2384.022,1613.254,1590.9149999999995,1377.664,1589.6089999999997,1580.7319999999995,1999.354,2307.714000000001,3447.718999999999,2464.333999999999,884.0380000000001,2002.0940000000005,8177.515000000004,1835.8060000000005,1675.8570000000002,862.719,1475.845,736.266,3559.691999999999,461.724,2176.3230000000003,1235.709,3466.8989999999994,2540.1710000000003,7162.109,2161.193,1378.819,1530.277,1769.889,2021.547,1830.1300000000003,2344.030000000001,2601.768,1460.871,2166.3330000000005,2173.07,1732.0849999999998,1834.704,2589.7250000000004,2389.063,1475.528,1250.593,527.382,3837.258,2101.902,1901.6510000000003,,2883.2159999999994,995.334,2873.342999999999,3681.0750000000016,2775.300000000001,1698.0759999999996,1834.704,2284.741
73,1828.6000000000004,1181.705,1850.9210000000005,1061.2529999999997,1502.124,1336.775,1340.746,1057.9029999999998,1812.8900000000003,1288.701,2027.851,951.092,994.712,768.795,936.822,1619.908,1562.17,1354.435,3727.935999999999,3791.999999999999,1914.5610000000004,888.1610000000001,1999.404,961.416,2701.382,1236.6,1811.99,1356.417,1499.5310000000002,1251.191,1400.9230000000002,883.8620000000001,1165.2409999999998,1497.509,1586.051,2316.361,1531.804,10363.083999999992,1250.083,1733.447,3202.458999999999,3240.2339999999995,2911.91,1440.103,2537.53,3889.149,1769.0390000000002,1516.689,1135.241,4960.219999999999,925.638,2046.509,2199.362,1591.9330000000004,1069.7399999999998,1595.6320000000003,2827.5429999999988,651.5580000000001,2128.561,1406.1460000000002,1061.949,1337.226,1571.933,293.491,1246.59,1931.1090000000004,1781.7700000000002,3166.8809999999994,3760.873000000001,1358.99,2481.481,2883.2159999999994,,2017.6200000000003,4637.732000000001,2567.943,2121.3609999999994,1779.7310000000002,1571.9330000000002,1119.8919999999998
74,733.8340000000001,1417.726,834.6890000000001,1360.506,894.237,959.491,862.969,1357.1559999999995,747.2230000000001,2186.851,1091.6250000000002,1586.2089999999998,1295.424,1434.9199999999998,1266.8929999999998,1815.0180000000005,2073.826,723.3370000000001,2711.704,2775.768,978.3350000000004,1218.6230000000005,2073.202999999999,2324.8299999999995,1655.525,1660.1230000000005,875.7640000000001,725.3190000000001,512.0680000000001,674.3470000000002,650.3140000000002,1133.758,1442.1180000000002,2582.122999999999,1637.8259999999996,768.5670000000002,1264.604,8418.828,970.21,938.3670000000002,1258.2029999999995,1677.2820000000002,967.654,2694.095999999998,781.8160000000001,2341.355,609.0270000000003,2601.3029999999994,1674.5749999999998,6296.513000000001,1437.294,1030.277,1181.735,1032.399,1155.951,964.534,1781.686,1736.1719999999998,1112.3290000000002,1428.843,1435.58,866.489,773.9830000000001,1724.1290000000004,1523.467,487.5530000000001,342.185,1222.6249999999998,3282.6269999999995,1260.731,1545.255,995.334,2017.6200000000003,,3074.78,2641.5950000000003,2195.013,741.0239999999998,773.983,1419.1449999999998
75,3142.922,4419.142000000001,3707.9989999999993,4361.922000000001,3522.874999999999,3960.907,3864.3849999999993,4358.572000000001,3620.533,5060.161000000001,3964.935,4587.625000000001,4296.840000000001,4436.336,4268.309,3965.523,4655.183999999999,3724.7529999999992,5285.056000000003,5353.503000000003,3851.645,4220.039,4946.513000000001,5198.140000000001,4528.835000000001,3951.938999999999,3749.074,3726.734999999999,3513.483999999999,3725.428999999999,3523.673999999999,4135.174000000001,4443.534000000001,5583.539000000002,3823.082,2337.428999999999,4137.914000000001,7153.016999999998,3971.626,3811.677,2227.515999999999,1430.3909999999996,2339.873999999999,5314.208000000001,3255.8969999999995,979.5080000000002,3482.3369999999995,5602.719000000002,4675.991000000001,8916.625000000004,3729.109999999999,3903.587,4055.045,3905.709,4157.367,3965.95,4654.996000000001,4737.588000000001,3985.639,4302.153000000001,4308.890000000001,3867.9049999999993,3402.621,4344.241000000001,4524.883000000001,3043.445,3153.702,2309.626999999999,4976.001000000002,3905.57,4418.5650000000005,2873.342999999999,4637.732000000001,3074.78,,5514.904999999997,5068.322999999999,3265.993,3402.621000000001,4420.561000000001
76,3137.9600000000005,1560.3660000000002,2025.862,1990.474,2891.1390000000006,1831.8449999999991,1940.8479999999995,1987.124,2161.151,1465.506,1690.043,2216.1769999999988,1925.392,1832.332999999999,1664.3059999999994,3817.735000000001,3759.9970000000008,2134.864999999999,2167.6389999999983,1914.3019999999992,1744.9929999999997,2778.824000000001,628.2400000000001,1603.485,1217.93,3434.427,1815.1089999999992,2136.846999999999,2189.159999999999,2445.916,2467.8479999999995,2693.9590000000007,2072.086,2389.6669999999995,3783.878000000001,3208.6920000000005,1549.4060000000002,10858.952999999998,1833.6069999999995,1800.2949999999994,3698.328000000001,4117.407000000002,3407.779,2753.701,2726.536,4781.479999999999,2195.2359999999985,2408.847,2022.078,5779.053000000005,3123.465,1824.549,1660.496,1684.7120000000002,1785.9189999999992,2186.329999999999,1354.3109999999997,1870.0349999999992,1771.418,1535.236,1557.918,1937.3279999999995,2770.885000000001,2316.6829999999995,2153.4349999999986,2622.7490000000003,2512.492,3662.750000000001,5557.492999999996,3556.8170000000005,1395.8950000000002,3681.0750000000016,2567.943,2641.5950000000003,5514.904999999997,,459.467,2794.880000000001,2770.884999999999,2049.113
77,2691.378,1113.784,1630.6129999999996,1543.8919999999996,2444.557,1385.2629999999992,1494.2659999999994,1540.5419999999997,1765.9019999999994,1018.924,1243.461,1769.5949999999996,1478.8099999999995,1385.750999999999,1217.7239999999997,3371.1530000000007,3313.4150000000004,1688.2829999999992,1880.858,1627.5210000000002,1298.4109999999998,2332.2420000000006,181.658,1156.903,772.037,2987.845,1368.5269999999994,1690.2649999999992,1742.5779999999995,1999.334,2021.266,2247.3770000000004,1625.5039999999997,1943.085,3337.2960000000007,2762.11,1102.8240000000003,10412.370999999996,1387.0249999999992,1353.7129999999993,3251.7460000000005,3670.825000000001,2961.197,2307.119,2331.2870000000003,4334.898,1748.653999999999,1962.265,1575.4959999999996,5760.797000000005,2676.883,1377.967,1272.2689999999998,1238.13,1339.3369999999993,1739.7479999999996,908.4179999999998,1423.4529999999993,1324.8359999999998,1088.654,1111.336,1490.7459999999994,2324.303000000001,1870.101,1706.8529999999994,2176.167,2065.91,3216.168,5110.910999999997,3110.235,949.3129999999998,2775.300000000001,2121.3609999999994,2195.013,5068.322999999999,459.467,,2348.298,2324.302999999999,1602.5309999999995
78,564.165,1498.643,1092.361,1441.423,328.052,1114.6910000000005,943.886,1438.073,1004.895,2175.4600000000005,1244.91,1667.126,1376.341,1515.837,1347.81,1248.833,1507.641,632.8220000000001,2969.3760000000016,3033.440000000002,1131.62,719.6490000000001,2226.4879999999994,2242.331,1913.197,1093.938,1029.0490000000002,634.8040000000002,644.9110000000002,538.092,388.36,759.4890000000001,1523.035,3043.658,1039.9019999999998,944.6219999999998,1314.047,8801.929999999998,1051.1270000000002,960.131,1695.5459999999998,1868.495,1350.756,2456.207,1438.6989999999998,2517.41,986.4689999999998,2960.034,1755.4920000000002,6058.623999999999,871.109,1287.9489999999998,1439.4070000000002,1185.684,1236.8679999999997,874.019,2039.358,1932.473,1370.0010000000002,1478.286,1378.74,947.406,207.798,1486.2400000000002,1604.384,326.217,398.839,1698.6319999999998,2800.2440000000006,711.793,1698.54,1698.0759999999996,1779.7310000000002,741.0239999999998,3265.993,2794.880000000001,2348.298,,207.798,1500.0619999999994
79,589.4279999999999,1465.023,1043.985,1407.803,120.254,1081.071,910.266,1404.4529999999995,1005.954,2141.84,1220.915,1633.506,1342.721,1482.217,1314.1899999999998,1041.035,1299.843,547.4989999999999,2920.999999999998,2985.063999999999,1107.6249999999998,585.094,2202.4929999999995,2034.533,1894.446,886.1400000000001,1005.054,549.481,609.9330000000001,452.769,303.037,624.9340000000001,1489.415,2835.86,1007.178,1081.25,1280.427,8938.557999999997,1017.507,926.511,1832.174,2005.1230000000005,1487.3840000000005,2248.409,1575.3270000000002,2654.0380000000005,879.739,2752.236,1721.872,5850.826,663.3109999999999,1239.573,1392.4260000000002,1161.689,1203.2479999999996,788.6959999999999,2020.607,1724.675,1321.6250000000002,1444.666,1345.12,913.786,0.0,1278.4420000000002,1570.764,359.176,431.798,1835.26,2825.5070000000005,780.117,1674.5449999999998,1834.704,1571.9330000000002,773.983,3402.621000000001,2770.884999999999,2324.302999999999,207.798,,1466.4419999999996
80,1937.601,663.0219999999999,1247.8949999999998,58.639,1586.6959999999997,818.0920000000001,556.176,124.489,1209.8639999999998,1339.8389999999995,1342.3099999999995,423.264,156.99599999999998,545.261,416.225,2513.292,2455.554,812.4010000000001,3124.9099999999994,3188.974,1038.241,1474.3809999999996,1480.7209999999998,1134.486,1934.094,2129.984,948.784,810.419,933.951,1141.473,1163.405,1389.5159999999996,294.154,1670.579,2479.4349999999995,2114.3480000000004,1013.121,9764.609,656.3770000000001,801.695,2603.984,3023.063,2313.435,1687.196,1939.055,3687.136,1166.0129999999997,1689.7589999999998,877.541,5133.290000000001,1819.022,1443.4829999999995,1513.8209999999997,1073.25,263.194,850.878,2060.255,824.628,1525.535,887.4630000000001,543.119,552.6560000000001,1466.4419999999996,1014.428,375.503,1422.39,1312.1329999999998,2568.406,4253.049999999999,2252.374,1714.1929999999998,2284.741,1119.8919999999998,1419.1449999999998,4420.561000000001,2049.113,1602.5309999999995,1500.0619999999994,1466.4419999999996,
